{"(-2, 0, 0, 0, 0, 1)": [-17.424031338594542, -17.607211281014962, -17.55241658866853, -22.43416942329032, -17.786455997725458, -21.01575599920238], "(-2, 0, 0, 0, 0, 0)": [-16.544409278009535, -17.894174007148884, -18.153474625220472, -18.121778540420646, -18.101283029589084, -20.52892114778703], "(-2, -1, 0, 0, 0, 0)": [-20.561106833184496, -20.576707132594972, -20.575003263172732, -20.573291903563725, -20.44605077312345, -23.961755094383765], "(-2, -1, 0, 0, 0, 1)": [-18.977770502101063, -19.026341742791796, -19.081157990758587, -22.740028606098953, -19.235692411083836, -22.068139728813634], "(-2, -2, 0, 0, 0, 0)": [-15.794390374292544, -15.908234242577556, -15.868120591454835, -15.873562482480171, -15.905721184256146, -16.372863475973478], "(-2, -1, 0, 1, 0, 1)": [-17.171634244588926, -19.399627471205473, -17.17372797672428, -19.86079689711542, -17.18303533408902, -17.850464318083556], "(-2, -2, 0, 1, 0, 1)": [-8.854555919686259, -9.180792988393046, -8.805885285534012, -9.1529034846339, -8.872962413506807, -9.485761411984875], "(-2, -2, 0, 0, 0, 1)": [-12.111229797771369, -12.335975923654004, -12.173530494572374, -12.283446181868616, -12.121471793934226, -12.45981807185642], "(-2, 0, 0, 1, 0, 1)": [-14.779594687958218, -16.79306894096167, -14.71328231235313, -15.219010238345264, -14.76172550910781, -15.482497518055666], "(-2, 1, 0, 0, 0, 0)": [-5.466117570016613, -5.466117570016613, -5.597896124275673, -5.289007646481427, -5.321346421078839, -5.297424460710136], "(-2, 2, 0, 0, 0, 1)": [-0.43699999999999994, -0.79097, -0.43699999999999994, -1.5770000000000002, -0.96292, 0.0]}