{"(-2, 1, 1, 1, 0, 0)": [-2.28655052633151, -2.315997560063731, -3.6977610669881007, -2.823571915083698], "(-2, 1, 1, 1, 0, 1)": [-2.3561644027081114, -2.506984506904973, -2.399354433578382, -2.285540388474522], "(99, 0, 1, 1, 0, 0)": [-7.820932817315767, -7.659797684170181, -8.369848653673152, -16.988430289694232], "(-1, 1, 1, 1, 0, 0)": [-0.3127, -0.4301730000000001, -0.33915669082820005, -1.6926552855871262], "(-1, 1, 1, 1, 0, 1)": [-0.26167, -0.33099522138000004, -0.58463, -0.42000000000000004], "(1, 1, 1, 1, 0, 0)": [-0.5479185683970482, -0.4353551892060039, -0.403431164980167, -2.2927605208823634], "(1, 1, 1, 1, 0, 1)": [-0.4157369246088644, -0.3756366148822, -0.6638505468200001, -0.46053820490358227], "(2, 1, 1, 1, 0, 1)": [-11.999307018941506, -11.886631982284928, -13.08906315236968, -13.149506003601124], "(2, 1, 1, 1, 0, 0)": [-11.84996013149807, -11.66666139978804, -12.60838177876504, -16.048986270518668]}