{"(99, 0, 1, 1, 0, 0)": [-7.991785730149713, -7.072844696088196, -8.486085880088009, -16.58448231380752], "(-2, 1, 1, 1, 0, 1)": [-10.499221673547014, -10.575152510178834, -10.644676059296746, -11.024309221216559], "(-2, 1, 1, 1, 0, 0)": [-10.275986111686553, -10.306622530891012, -10.514416274745818, -14.583130015612385], "(0, 1, 1, 1, 0, 1)": [1.3583985797439482, 1.01139634732692, 1.5203924300957412, 3.646020746108]}