{"(99, 0, 1, 1, 0, 0)": [-7.411305888770148, -7.413988479878472, -7.776492209410496, -15.795381105170325], "(-2, 1, 1, 1, 0, 1)": [-8.455113543342742, -10.619872551380473, -12.701828922429328, -13.530615320962765], "(-2, 1, 1, 1, 0, 0)": [-7.133933935757201, -10.636257100994326, -11.107066318054079, -14.92377756261837], "(-1, 1, 1, 1, 0, 1)": [-2.338866775231425, -2.4886339341103696, -3.1451426926502224, -2.152048444285552], "(-1, 1, 1, 1, 0, 0)": [-2.4207530808526325, -2.4350696813074726, -1.8956579714354966, -5.526547932748398], "(-2, 1, 0, 1, 1, 1)": [-7.77983242132646, -5.690457674051002, -5.910892378724494, -6.752020494531842], "(-2, 1, 0, 1, 0, 0)": [-5.266033229805345, -5.204238480810966, -5.182874618330413, -5.7074117229662304], "(99, 0, 0, 1, 1, 0)": [-13.341782204742765, -7.144956361587426, -7.377658371529578, -15.379665000475741], "(99, 0, 0, 1, 0, 0)": [-11.042123397621678, -6.420430227104152, -6.444882641622583, -11.423591723843378]}