{"(99, 0, 1, 1, 0, 0)": [-8.140458357202093, -7.99968085733931, -9.005379429527473, -16.99916396216294], "(-2, 1, 1, 1, 0, 1)": [-11.375441184714552, -11.928932295763467, -12.239113299096338, -13.106411495270546], "(-2, 1, 1, 1, 0, 0)": [-11.933773181487393, -12.27070940360528, -12.95893429850682, -16.55885381659529]}